[{"model": "main_app.userprofileinfo", "pk": 1, "fields": {"user": 1, "profile_pic": ""}}, {"model": "main_app.userprofileinfo", "pk": 2, "fields": {"user": 3, "profile_pic": ""}}, {"model": "main_app.userprofileinfo", "pk": 3, "fields": {"user": 5, "profile_pic": "profile_pics/jamie-foxx.jpg"}}, {"model": "main_app.userprofileinfo", "pk": 4, "fields": {"user": 6, "profile_pic": ""}}, {"model": "main_app.userprofileinfo", "pk": 5, "fields": {"user": 7, "profile_pic": ""}}, {"model": "main_app.userprofileinfo", "pk": 6, "fields": {"user": 8, "profile_pic": ""}}, {"model": "main_app.category", "pk": 1, "fields": {"title": "Physics", "description": "Explore the fascinating world of physics with our courses! Whether you're a beginner or have some prior knowledge, we offer engaging lessons to help you understand the fundamental principles of the universe. From motion to energy, light to sound, our courses make physics fun and accessible for everyone. Join us and start unraveling the mysteries of the natural world today!"}}, {"model": "main_app.category", "pk": 2, "fields": {"title": "Art", "description": "Unleash your creativity with our art courses! Whether you're a budding artist or just looking to explore your creative side, we offer a range of courses to suit your interests. From drawing and painting to sculpture and digital art, dive into various mediums and techniques. Our courses are designed to inspire and nurture your artistic talent, no matter your skill level. Join us and embark on a journey of self-expression and discovery through the world of art!"}}, {"model": "main_app.category", "pk": 4, "fields": {"title": "Business", "description": "Ready to take on the world of business? Our courses cover everything from entrepreneurship to finance, marketing to management. Whether you're starting your own venture or climbing the corporate ladder, we've got you covered. Gain practical skills, insights, and strategies to succeed in today's dynamic business landscape. Explore our courses and kickstart your business journey today!"}}, {"model": "main_app.category", "pk": 5, "fields": {"title": "Information Technology (IT)", "description": "Step into the world of tech with our IT courses! Whether you're a beginner or an expert, we've got something for everyone. Learn coding, cybersecurity, data science, and more. Get ready to boost your skills and thrive in the digital world! Start exploring now!"}}, {"model": "main_app.category", "pk": 6, "fields": {"title": "Language", "description": "Discover the world through words! Our language courses offer a passport to new cultures, friendships, and opportunities. From practical conversation skills to deep dives into literature and culture, explore a diverse array of languages tailored to your interests and goals. Start your language learning journey today!"}}, {"model": "main_app.teacher", "pk": 2, "fields": {"first_name": "Alan ", "last_name": "Belt", "bio": null, "email": ""}}, {"model": "main_app.teacher", "pk": 3, "fields": {"first_name": "Mario", "last_name": "Ricci", "bio": "Mario Ricci is a good teacher", "email": ""}}, {"model": "main_app.teacher", "pk": 4, "fields": {"first_name": "Mary", "last_name": "Karra", "bio": "", "email": ""}}, {"model": "main_app.teacher", "pk": 6, "fields": {"first_name": "Sheldon", "last_name": "Cooper", "bio": "Sheldon Cooper is a physicist.", "email": ""}}, {"model": "main_app.teacher", "pk": 10, "fields": {"first_name": "Bertil", "last_name": "Adam", "bio": "She is an English teacher.", "email": ""}}, {"model": "main_app.teacher", "pk": 20, "fields": {"first_name": "Johny", "last_name": "Cash", "bio": "Johny Cash is teaching business administration.", "email": ""}}, {"model": "main_app.course", "pk": 2, "fields": {"title": "Introduction to SQL", "description": "Introductory SQL course", "release_date": "2024-05-23", "category": 5, "teacher": 3}}, {"model": "main_app.course", "pk": 3, "fields": {"title": "Introduction to Art", "description": "Introductory course to art.", "release_date": "2024-05-23", "category": 2, "teacher": 4}}, {"model": "main_app.course", "pk": 4, "fields": {"title": "Introduction to Python", "description": "Introductory course to Python", "release_date": "2024-05-23", "category": 5, "teacher": 2}}, {"model": "main_app.course", "pk": 5, "fields": {"title": "Physics 1", "description": "Introduction to Physics", "release_date": "2024-05-27", "category": 1, "teacher": 6}}, {"model": "main_app.course", "pk": 8, "fields": {"title": "English 1", "description": "Introduction in English Language", "release_date": "2024-05-27", "category": 6, "teacher": 10}}, {"model": "main_app.course", "pk": 10, "fields": {"title": "Business administration", "description": "Basic principles of business administration", "release_date": "2024-05-28", "category": 4, "teacher": 20}}, {"model": "main_app.course", "pk": 11, "fields": {"title": "English 2", "description": "More advanced English", "release_date": "2024-05-27", "category": 6, "teacher": 10}}, {"model": "main_app.quiz", "pk": 1, "fields": {"title": "SQL Quiz", "course": 2}}, {"model": "main_app.quiz", "pk": 3, "fields": {"title": "python quiz", "course": 4}}, {"model": "main_app.question", "pk": 1, "fields": {"quiz": 1, "text": "What is SQL?", "option1": "Simple Query Language", "option2": "Structured Query Language", "option3": "Sequential Query Language", "option4": "Standardized Query Logic", "correct_option": "Structured Query Language"}}, {"model": "main_app.question", "pk": 3, "fields": {"quiz": 1, "text": "Which SQL statement is used to retrieve unique values from a column in a table?", "option1": "SELECT DISTINCT", "option2": "SELECT UNIQUE", "option3": "SELECT DIFFERENT", "option4": "SELECT ONLY", "correct_option": "SELECT DISTINCT"}}, {"model": "main_app.question", "pk": 4, "fields": {"quiz": 3, "text": "asdasd", "option1": "asd1", "option2": "asd2", "option3": "asd3", "option4": "asd4", "correct_option": "asd2"}}, {"model": "main_app.video", "pk": 1, "fields": {"title": "Python, lesson 1", "course": 4, "description": "This course will teach you how to read and write code as well as how to test and “debug” it. It is designed for students with or without prior programming experience who’d like to learn Python specifically. ", "url": "https://www.youtube.com/embed/nLRL_NcnK-4"}}, {"model": "main_app.video", "pk": 2, "fields": {"title": "Business Administration - Lecture 01", "course": 10, "description": "introduction to business, business functions, management, marketing, sales,  advertising, accounting, financial accounting, managerial accounting, finance, corporate finance, financial management, operations, MIS, management operations systems, human resources, human resource management, employment law, foreign employees, legal, economics as a foundation of business, microeconomics, macroeconomics, managerial economics", "url": "https://www.youtube.com/embed/4Zr_sisiwaU"}}, {"model": "main_app.pdf", "pk": 1, "fields": {"title": "Intro", "course": 4, "description": "Python", "path": "courses/IT/Introduction to Python/introduction-to-python.pdf"}}, {"model": "main_app.pdf", "pk": 2, "fields": {"title": "Intro", "course": 2, "description": "", "path": "courses/IT/Introduction to SQL/sql.pdf"}}, {"model": "main_app.pdf", "pk": 3, "fields": {"title": "But is it art?", "course": 3, "description": "We will scrutinize many different art theories here: ritual theory, formalist theory, imitation theory, expression theory, cognitive theory, postmodern theory—but not in order, one by\none.", "path": "courses/Art/Introduction to Art/Cynthia.pdf"}}, {"model": "main_app.usercourse", "pk": 1, "fields": {"user": 2, "course": 4}}, {"model": "main_app.usercourse", "pk": 2, "fields": {"user": 2, "course": 2}}, {"model": "main_app.usercourse", "pk": 3, "fields": {"user": 2, "course": 11}}, {"model": "main_app.usercourse", "pk": 4, "fields": {"user": 2, "course": 5}}, {"model": "main_app.usercourse", "pk": 5, "fields": {"user": 2, "course": 10}}, {"model": "main_app.usercourse", "pk": 6, "fields": {"user": 2, "course": 8}}, {"model": "main_app.assignment", "pk": 1, "fields": {"title": "Assignment in python", "description": "This is an assignment in python that you have to answer.", "course": 4, "deadline": "2024-05-29"}}, {"model": "main_app.assignment", "pk": 2, "fields": {"title": "Impacts of Technology", "description": "Provide an introduction, body, and conclusion.\r\nDiscuss both positive and negative impacts of technology.\r\nUse clear and concise language.\r\nEnsure proper citations for external sources.\r\nOriginal work only; plagiarism will not be tolerated.\r\nFeedback: You will receive feedback within two weeks.\r\n\r\nRequirements:\r\nEssay length: Approximately 500-700 words.\r\nSubmission: Upload your essay as a PDF file.", "course": 8, "deadline": "2024-06-27"}}]